{
  "repeat": 3,
  "latency_ms_avg": 0.708805999844723,
  "latency_ms_p50": 0.6715320014336612,
  "latency_ms_p95": 0.8947085978434188,
  "cpu_time_s_avg": 0.00037366666666665177,
  "rss_kb": 99100,
  "psutil_cpu_percent": 0.0,
  "psutil_rss_bytes": 102273024,
  "psutil_vms_bytes": 901304320,
  "psutil_available": true,
  "scenario": "tts",
  "text": "ola jarvis, teste de desempenho de voz",
  "tts_mode": "local"
}
