{
  "repeat": 5,
  "latency_ms_avg": 0.8090335999440867,
  "latency_ms_p50": 0.834774000395555,
  "latency_ms_p95": 1.2296569020691095,
  "cpu_time_s_avg": 0.0003388000000000585,
  "rss_kb": 100656,
  "psutil_cpu_percent": 0.0,
  "psutil_rss_bytes": 103272448,
  "psutil_vms_bytes": 901337088,
  "psutil_available": true,
  "scenario": "tts",
  "text": "ola jarvis, teste de desempenho de voz",
  "tts_mode": "local"
}
