{
  "repeat": 5,
  "latency_ms_avg": 0.5691035992640536,
  "latency_ms_p50": 0.5495309997058939,
  "latency_ms_p95": 0.9165053008473478,
  "cpu_time_s_avg": 0.0002688000000002161,
  "rss_kb": 100704,
  "psutil_cpu_percent": 0.0,
  "psutil_rss_bytes": 103358464,
  "psutil_vms_bytes": 901320704,
  "psutil_available": true,
  "scenario": "tts",
  "text": "ola jarvis, teste de desempenho de voz",
  "tts_mode": "local"
}
