{
  "results": [
    {
      "command": "PYTHONPATH=. JARVIS_STT_MODEL=tiny ./.venv/bin/python scripts/bench_interface.py eos_to_first_audio --audio Documentos/DOC_INTERFACE/bench_audio/voice_clean.wav --text \"ok\" --repeat 1 --resample",
      "mean": 11.150079503419997,
      "stddev": 0.5907226025463701,
      "median": 11.095259901859999,
      "user": 9.60295298,
      "system": 1.1435974399999995,
      "min": 10.104668411859999,
      "max": 14.07302951086,
      "times": [
        10.66505569686,
        10.31765063586,
        10.71123185686,
        10.73148829386,
        10.104668411859999,
        10.782747556859999,
        11.06570384086,
        11.705187344859999,
        10.928269560859999,
        10.457655064859999,
        10.981233718859999,
        10.82963635486,
        10.830053311859999,
        11.116839324859999,
        11.22056970986,
        10.428723840859998,
        11.33841390786,
        11.05140224186,
        11.05910479286,
        11.089304963859998,
        10.82596228686,
        11.197956419859999,
        11.304536809859998,
        11.101214839859999,
        11.13928876386,
        11.395567118859999,
        10.68833683386,
        10.48727799286,
        11.522196202859998,
        10.90853952486,
        11.026170469859998,
        11.438981752859998,
        12.059858839859999,
        11.728028498859999,
        11.118210308859998,
        11.88052394086,
        11.38474237086,
        10.92414769286,
        11.795859409859998,
        11.37193840686,
        11.14130212486,
        14.07302951086,
        10.971875663859999,
        11.24743276986,
        11.025234827859999,
        11.81648873286,
        11.20796031486,
        11.49126185886,
        10.57515803586,
        11.23995241486
      ],
      "exit_codes": [
        0,
        0,
        0,
        0,
        0,
        0,
        0,
        0,
        0,
        0,
        0,
        0,
        0,
        0,
        0,
        0,
        0,
        0,
        0,
        0,
        0,
        0,
        0,
        0,
        0,
        0,
        0,
        0,
        0,
        0,
        0,
        0,
        0,
        0,
        0,
        0,
        0,
        0,
        0,
        0,
        0,
        0,
        0,
        0,
        0,
        0,
        0,
        0,
        0,
        0
      ]
    }
  ]
}
