{
  "repeat": 5,
  "latency_ms_avg": 4810.87985760023,
  "latency_ms_p50": 4244.514911999431,
  "latency_ms_p95": 8375.747565196434,
  "cpu_time_s_avg": 0.02074119999999991,
  "rss_kb": 104580,
  "psutil_cpu_percent": 0.4,
  "psutil_rss_bytes": 107417600,
  "psutil_vms_bytes": 906170368,
  "psutil_available": true,
  "scenario": "tts",
  "text": "ola jarvis, teste de desempenho de voz",
  "tts_mode": "local"
}
