{
  "repeat": 3,
  "latency_ms_avg": 0.8672059993841685,
  "latency_ms_p50": 0.6932920005056076,
  "latency_ms_p95": 2.1034281991887838,
  "cpu_time_s_avg": 0.0003986666666666641,
  "rss_kb": 19212,
  "psutil_cpu_percent": 0.0,
  "psutil_rss_bytes": 19898368,
  "psutil_vms_bytes": 39563264,
  "psutil_available": true,
  "scenario": "tts",
  "text": "ola jarvis, teste de desempenho de voz",
  "tts_mode": "local"
}
