{
  "repeat": 5,
  "latency_ms_avg": 6111.031036400527,
  "latency_ms_p50": 5679.556071001571,
  "latency_ms_p95": 9726.423367399912,
  "cpu_time_s_avg": 0.031196200000000014,
  "rss_kb": 104420,
  "psutil_cpu_percent": 0.5,
  "psutil_rss_bytes": 107622400,
  "psutil_vms_bytes": 906203136,
  "psutil_available": true,
  "scenario": "tts",
  "text": "ola jarvis, teste de desempenho de voz",
  "tts_mode": "local",
  "tts_first_audio_ms_avg": 3578.5288740007672,
  "tts_first_audio_ms_p50": 3190.424135002104,
  "tts_first_audio_ms_p95": 6828.100330298912
}
