{
  "repeat": 5,
  "latency_ms_avg": 6993.16051259957,
  "latency_ms_p50": 7241.7725380000775,
  "latency_ms_p95": 8937.820615000237,
  "cpu_time_s_avg": 0.02924299999999998,
  "rss_kb": 104096,
  "psutil_cpu_percent": 0.4,
  "psutil_rss_bytes": 107270144,
  "psutil_vms_bytes": 906162176,
  "psutil_available": true,
  "scenario": "tts",
  "text": "ola jarvis, teste de desempenho de voz",
  "tts_mode": "local",
  "tts_first_audio_ms_avg": 4497.929596198082,
  "tts_first_audio_ms_p50": 4912.619864997396,
  "tts_first_audio_ms_p95": 6096.852429900537
}
