{
  "repeat": 5,
  "latency_ms_avg": 0.6231635983567685,
  "latency_ms_p50": 0.5808789974253159,
  "latency_ms_p95": 0.9275054002500838,
  "cpu_time_s_avg": 0.00029760000000007,
  "rss_kb": 100692,
  "psutil_cpu_percent": 0.0,
  "psutil_rss_bytes": 103292928,
  "psutil_vms_bytes": 901332992,
  "psutil_available": true,
  "scenario": "tts",
  "text": "ola jarvis, teste de desempenho de voz",
  "tts_mode": "local"
}
